TEXT_ID,HOME_NAME,VIS_NAME,LINE_ID_FROM_TEST_SET,GENERATED_TEXT,DETOKENIZED_GENERATED_TEXT,DATE,BREF_BOX,BREF_HOME,BREF_VIS,CALENDAR
S001,Celtics,Lakers,563,"The Boston Celtics defeated the Los Angeles Lakers , 113 - 107 , at TD Garden on Wednesday . The Celtics ( 32 - 18 ) came into this game as a double - digit favorite , but the Celtics ( 32 - 18 ) came in to Friday 's contest with a 30 - point win over the Lakers ( 17 - 36 ) . The team was led by Isaiah Thomas 's 38 points , which he supplemented with six assists , two rebounds and a steal . Al Horford was right behind him with 11 points , eight rebounds , eight assists and a block . Jae Crowder was next with a 18 - point , 12 - rebound double - double that also included an assist , two steals and a block . Jae Crowder was next with 18 points , six rebounds , an assist and a pair of steals . Jae Crowder was next with 18 points , six rebounds , an assist and two steals . Al Horford supplied 11 points , eight rebounds , eight assists and a block . Kelly Olynyk led the second unit with 10 points , nine rebounds , two assists and a pair of steals . The Lakers head back home to face off with the Detroit Pistons on Friday night , while the Celtics remain home and await the Toronto Raptors for a Wednesday night showdown .","The Boston Celtics defeated the Los Angeles Lakers, 113-107, at TD Garden on Wednesday. The Celtics (32-18)  came into this game as a double-digit favorite, but the Celtics (32-18)  came in to Friday's contest with a 30-point win over the Lakers (17-36). The team was led by Isaiah Thomas's 38 points, which he supplemented with six assists, two rebounds and a steal. Al Horford was right behind him with 11 points, eight rebounds, eight assists and a block. Jae Crowder was next with a 18-point, 12-rebound double-double that also included an assist, two steals and a block. Jae Crowder was next with 18 points, six rebounds, an assist and a pair of steals. Jae Crowder was next with 18 points, six rebounds, an assist and two steals. Al Horford supplied 11 points, eight rebounds, eight assists and a block. Kelly Olynyk led the second unit with 10 points, nine rebounds, two assists and a pair of steals. The Lakers head back home to face off with the Detroit Pistons on Friday night, while the Celtics remain home and await the Toronto Raptors for a Wednesday night showdown.",02_03_17,https://www.basketball-reference.com/boxscores/201702030BOS.html,https://www.basketball-reference.com/teams/BOS/2017_games.html,https://www.basketball-reference.com/teams/LAL/2017_games.html,https://www.timeanddate.com/calendar/monthly.html?year=2017&month=02&country=1
S002,Cavaliers,Hawks,419,"The Atlanta Hawks defeated the Atlanta Hawks , 110 - 110 , at Quicken Loans Arena on Saturday night . In a battle between two struggling teams , the Hawks were able to prevail with a huge road win . In fact , the Hawks outscored the Hawks , 37 - 20 , in the fourth quarter . The assist - to - turnover ratio was the decisive statistic , with the Hawks recording 21 assists to 19 turnovers , while the Cavaliers committed 19 turnovers to just 21 assists . The Hawks ( 5 - 2 ) have now won three of their last five games , as they continue to struggle . Dwight Howard was the player of the game , as he tallied 17 points , 17 rebounds and three blocks on 3 - of - 5 shooting . Kent Bazemore was n't far behind , tallying 25 points , six rebounds and three assists . Kent Bazemore was the only other starter in double figures , totaling 25 points , six rebounds and three assists . Atlanta will look to bounce back on Sunday in a home matchup against the Toronto Raptors . The Cavaliers ( 6 - 1 ) have now won three of their last five games , as they continue to struggle . LeBron James did all he could for Cleveland , as he led the team with 23 points , nine rebounds and five assists . Kyrie Irving was second on the team , as he accrued 29 points , four rebounds and four assists . Kevin Love finished second on the team , collecting 24 points , 11 rebounds and three steals . Tristan Thompson was a nice spark off the bench , providing 25 points , two rebounds and four assists . Cleveland will look to bounce back on Sunday in a home matchup against the Orlando Magic .","The Atlanta Hawks defeated the Atlanta Hawks, 110-110, at Quicken Loans Arena on Saturday night. In a battle between two struggling teams, the Hawks were able to prevail with a huge road win. In fact, the Hawks outscored the Hawks, 37-20, in the fourth quarter. The assist-to-turnover ratio was the decisive statistic, with the Hawks recording 21 assists to 19 turnovers, while the Cavaliers committed 19 turnovers to just 21 assists. The Hawks (5-2)  have now won three of their last five games, as they continue to struggle. Dwight Howard was the player of the game, as he tallied 17 points, 17 rebounds and three blocks on 3-of-5 shooting. Kent Bazemore wasn't far behind, tallying 25 points, six rebounds and three assists. Kent Bazemore was the only other starter in double figures, totaling 25 points, six rebounds and three assists. Atlanta will look to bounce back on Sunday in a home matchup against the Toronto Raptors. The Cavaliers (6-1)  have now won three of their last five games, as they continue to struggle. LeBron James did all he could for Cleveland, as he led the team with 23 points, nine rebounds and five assists. Kyrie Irving was second on the team, as he accrued 29 points, four rebounds and four assists. Kevin Love finished second on the team, collecting 24 points, 11 rebounds and three steals. Tristan Thompson was a nice spark off the bench, providing 25 points, two rebounds and four assists. Cleveland will look to bounce back on Sunday in a home matchup against the Orlando Magic.",11_08_16,https://www.basketball-reference.com/boxscores/201611080CLE.html,https://www.basketball-reference.com/teams/CLE/2017_games.html,https://www.basketball-reference.com/teams/ATL/2017_games.html,https://www.timeanddate.com/calendar/monthly.html?year=2016&month=11&country=1
S003,Magic,Raptors,614,"The Toronto Raptors defeated the Orlando Magic , 109 - 79 , at Amway Center on Saturday evening . The Raptors ( 19 - 8 ) have been one of the hottest teams in the NBA this season , and the Raptors ( 19 - 8 ) came in to Friday 's contest with a 30 - point victory over the Magic ( 12 - 17 ) . The Raptors were led by DeMar DeRozan , who posted a game - high 31 points , which he supplemented with five rebounds , four assists and a steal . Kyle Lowry was right behind him with a 16 - point , 10 - assist double - double that also included three rebounds , a steal and a block . Jonas Valanciunas was next with a 16 - point , 13 - rebound double - double that also included a block , a block and a block . Jonas Valanciunas posted a 16 - point , 13 - rebound double - double that also included a block , a block and a block . Terrence Ross was productive in a reserve role as well with 11 points , two rebounds , a steal and a block . Toronto remains in third place in the Eastern Conference 's Atlantic Division , and are currently slotted in the seventh seed in the conference as well . They head to Charlotte to take on the Hornets on Friday night . Orlando 's attack was spearheaded by Elfrid Payton , who tallied 13 points , three assists , two rebounds and a steal . Aaron Gordon was next with a 10 - point , 12 - rebound double - double that also included an assist , a steal and a block . Elfrid Payton was next with 13 points , two assists , two rebounds and a steal . Aaron Gordon was next with a 10 - point , 12 - rebound double - double that also included an assist , a steal and a block . DJ Augustin was productive in a reserve role as well with 11 points , three rebounds , two assists and a pair of steals . The Raptors remain in last place in the Eastern Conference 's Southeast Division . They 're home again on Friday to face off with the Orlando Magic .","The Toronto Raptors defeated the Orlando Magic, 109-79, at Amway Center on Saturday evening. The Raptors (19-8)  have been one of the hottest teams in the NBA this season, and the Raptors (19-8)  came in to Friday's contest with a 30-point victory over the Magic (12-17). The Raptors were led by DeMar DeRozan, who posted a game-high 31 points, which he supplemented with five rebounds, four assists and a steal. Kyle Lowry was right behind him with a 16-point, 10-assist double-double that also included three rebounds, a steal and a block. Jonas Valanciunas was next with a 16-point, 13-rebound double-double that also included a block, a block and a block. Jonas Valanciunas posted a 16-point, 13-rebound double-double that also included a block, a block and a block. Terrence Ross was productive in a reserve role as well with 11 points, two rebounds, a steal and a block. Toronto remains in third place in the Eastern Conference's Atlantic Division, and are currently slotted in the seventh seed in the conference as well. They head to Charlotte to take on the Hornets on Friday night. Orlando's attack was spearheaded by Elfrid Payton, who tallied 13 points, three assists, two rebounds and a steal. Aaron Gordon was next with a 10-point, 12-rebound double-double that also included an assist, a steal and a block. Elfrid Payton was next with 13 points, two assists, two rebounds and a steal. Aaron Gordon was next with a 10-point, 12-rebound double-double that also included an assist, a steal and a block. DJ. Augustin was productive in a reserve role as well with 11 points, three rebounds, two assists and a pair of steals. The Raptors remain in last place in the Eastern Conference's Southeast Division. They're home again on Friday to face off with the Orlando Magic.",12_18_16,https://www.basketball-reference.com/boxscores/201612180ORL.html,https://www.basketball-reference.com/teams/ORL/2017_games.html,https://www.basketball-reference.com/teams/TOR/2017_games.html,https://www.timeanddate.com/calendar/monthly.html?year=2016&month=12&country=1
S004,Jazz,Lakers,384,"The host Utah Jazz defeated the Los Angeles Lakers , 96 - 89 , at Vivint Smart Home Arena on Friday . The Jazz ( 1 - 1 ) have been one of the best teams in the NBA this season , but they were able to prevail with a win . In fact , the Jazz led for the majority of the game , as they outscored the Lakers by 16 in the fourth quarter . Rebounding was key for the Jazz , as they held the Lakers to 38 percent from the field and 24 percent from three - point range . Rebounding was a huge factor as well , with the Jazz winning that battle , 43 - 24 . The Lakers ( 1 - 1 ) had to play this game without Kobe Bryant , but they did n't have enough offense to pull out the win . D'Angelo Russell led the team in scoring , as he tallied 17 points , five rebounds and five assists . Luol Deng was the only other starter in double figures , as he totaled 12 points and 12 rebounds . D'Angelo Russell led the Lakers in scoring , as he tallied 17 points , five rebounds and five assists . Luol Deng was the only other starter in double figures , as he totaled 12 points and 12 rebounds . On deck for Los Angeles is a home matchup against the Portland Trail Blazers on Sunday . The Jazz ( 1 - 1 ) have now won four of their last five games , as they continue to struggle . George Hill was the player of the game , as he led the team with 23 points , three rebounds and three assists on 7 - of - 14 shooting . Rudy Gobert finished second on the team , totaling 13 points , 13 rebounds and four blocks . Rudy Gobert recorded a double - double , totaling 13 points and 13 rebounds . Rudy Gobert recorded a double - double , totaling 13 points , 13 rebounds and four blocks . The Jazz will look to bounce back on Sunday in a home matchup against the Portland Trail Blazers .","The host Utah Jazz defeated the Los Angeles Lakers, 96-89, at Vivint Smart Home Arena on Friday. The Jazz (1-1)  have been one of the best teams in the NBA this season, but they were able to prevail with a win. In fact, the Jazz led for the majority of the game, as they outscored the Lakers by 16 in the fourth quarter. Rebounding was key for the Jazz, as they held the Lakers to 38 percent from the field and 24 percent from three-point range. Rebounding was a huge factor as well, with the Jazz winning that battle, 43-24. The Lakers (1-1)  had to play this game without Kobe Bryant, but they didn't have enough offense to pull out the win. D'Angelo Russell led the team in scoring, as he tallied 17 points, five rebounds and five assists. Luol Deng was the only other starter in double figures, as he totaled 12 points and 12 rebounds. D'Angelo Russell led the Lakers in scoring, as he tallied 17 points, five rebounds and five assists. Luol Deng was the only other starter in double figures, as he totaled 12 points and 12 rebounds. On deck for Los Angeles is a home matchup against the Portland Trail Blazers on Sunday. The Jazz (1-1)  have now won four of their last five games, as they continue to struggle. George Hill was the player of the game, as he led the team with 23 points, three rebounds and three assists on 7-of-14 shooting. Rudy Gobert finished second on the team, totaling 13 points, 13 rebounds and four blocks. Rudy Gobert recorded a double-double, totaling 13 points and 13 rebounds. Rudy Gobert recorded a double-double, totaling 13 points, 13 rebounds and four blocks. The Jazz will look to bounce back on Sunday in a home matchup against the Portland Trail Blazers.",10_28_16,https://www.basketball-reference.com/boxscores/201610280UTA.html,https://www.basketball-reference.com/teams/UTA/2017_games.html,https://www.basketball-reference.com/teams/LAL/2017_games.html,https://www.timeanddate.com/calendar/monthly.html?year=2016&month=10&country=1
S005,Hawks,Magic,719,"The Hawks held the Magic to a 35 percent success rate from the floor and 26 percent from three - point range , while also eliciting 15 turnovers from the Hawks ( 30 - 21 ) . Paul Millsap led the way for the Hawks with a game - high 21 points , which he supplemented with five rebounds , four assists and one steal . Millsap was right behind him with 21 points , five rebounds , four assists and one steal . Dwight Howard posted a 11 - point , 13 - rebound double - double that also included three assists , one steal and one block . Kent Bazemore led the bench with 27 points , three rebounds , three assists and two steals . Kent Bazemore led the second unit with 27 points , three rebounds , three assists and two steals . Paul Millsap led the way for Orlando with 21 points , five rebounds , four assists , one steal and one block . Dwight Howard posted a 11 - point , 13 - rebound double - double that also included three assists , one steal and one block . Kent Bazemore led the second unit with 12 points , three rebounds , three assists , two steals and one block . The Magic head back home to face off with the New York Knicks on Monday night , while the Hawks remain home and await the Toronto Raptors on Friday evening as well .","The Hawks held the Magic to a 35 percent success rate from the floor and 26 percent from three-point range, while also eliciting 15 turnovers from the Hawks (30-21). Paul Millsap led the way for the Hawks with a game-high 21 points, which he supplemented with five rebounds, four assists and one steal. Millsap was right behind him with 21 points, five rebounds, four assists and one steal. Dwight Howard posted a 11-point, 13-rebound double-double that also included three assists, one steal and one block. Kent Bazemore led the bench with 27 points, three rebounds, three assists and two steals. Kent Bazemore led the second unit with 27 points, three rebounds, three assists and two steals. Paul Millsap led the way for Orlando with 21 points, five rebounds, four assists, one steal and one block. Dwight Howard posted a 11-point, 13-rebound double-double that also included three assists, one steal and one block. Kent Bazemore led the second unit with 12 points, three rebounds, three assists, two steals and one block. The Magic head back home to face off with the New York Knicks on Monday night, while the Hawks remain home and await the Toronto Raptors on Friday evening as well.",02_04_17,https://www.basketball-reference.com/boxscores/201702040ATL.html,https://www.basketball-reference.com/teams/ATL/2017_games.html,https://www.basketball-reference.com/teams/ORL/2017_games.html,https://www.timeanddate.com/calendar/monthly.html?year=2017&month=02&country=1
S006,Nets,Rockets,306,"The Houston Rockets ( 10 - 12 ) defeated the Brooklyn Nets ( 6 - 15 ) 110 - 105 on Friday . The Nets came into this game as a double - digit favorite and they did n't disappoint . They were led by James Harden , who tallied 10 points , nine assists , three rebounds and three steals in the win . Trevor Ariza was the only other starter in double figures , as he tallied 2 points , four rebounds and four assists in the defeat . The Rockets will look to bounce - back against the Orlando Magic on Wednesday in their next game . The Nets played this game without Brook Lopez and they simply did n't have enough offense to keep up with the Nets . Brook Lopez did all he could to keep the Nets in this game , as he tallied 24 points , eight rebounds and five blocks in the win . Thaddeus Young was the only other starter in double figures , as he amassed 20 points , 12 rebounds and five assists . The Nets will look to keep this momentum going against the Atlanta Hawks on Friday .","The Houston Rockets (10-12)  defeated the Brooklyn Nets (6-15)  110-105 on Friday. The Nets came into this game as a double-digit favorite and they didn't disappoint. They were led by James Harden, who tallied 10 points, nine assists, three rebounds and three steals in the win. Trevor Ariza was the only other starter in double figures, as he tallied 2 points, four rebounds and four assists in the defeat. The Rockets will look to bounce-back against the Orlando Magic on Wednesday in their next game. The Nets played this game without Brook Lopez and they simply didn't have enough offense to keep up with the Nets. Brook Lopez did all he could to keep the Nets in this game, as he tallied 24 points, eight rebounds and five blocks in the win. Thaddeus Young was the only other starter in double figures, as he amassed 20 points, 12 rebounds and five assists. The Nets will look to keep this momentum going against the Atlanta Hawks on Friday.",12_08_15,https://www.basketball-reference.com/boxscores/201512080BRK.html,https://www.basketball-reference.com/teams/BRK/2016_games.html,https://www.basketball-reference.com/teams/HOU/2016_games.html,https://www.timeanddate.com/calendar/monthly.html?year=2015&month=12&country=1
S007,Kings,Thunder,408,"Russell Westbrook and Russell Westbrook both the Oklahoma City Thunder and the Oklahoma City Thunder , however , as they continue to play at the Sleep Train Arena . Westbrook finished with 36 points , 11 rebounds , seven assists , four steals and one block on 11 - of - 21 shooting , while Westbrook scored 36 points on 11 - of - 21 shooting , to go along with 11 rebounds , seven assists , three steals and one block , in 36 minutes . Enes Kanter was the only other Thunder player to score in double digits , as he finished with 29 points on 10 - of - 18 shooting , in 32 minutes off the bench . The Kings shot 46 percent from the field and 36 percent from long range , while the Kings shot 46 percent from the field and 36 percent from long range . DeMarcus Cousins led the way for the Kings , with 31 points on 11 - of - 20 shooting , along with 11 rebounds , seven assists and four steals , in 34 minutes . Enes Kanter followed up with 29 points on 10 - of - 18 shooting , in 32 minutes , while Steven Adams chipped in 21 points , four rebounds and one steal , in 27 minutes .","Russell Westbrook and Russell Westbrook both the Oklahoma City Thunder and the Oklahoma City Thunder, however, as they continue to play at the Sleep Train Arena. Westbrook finished with 36 points, 11 rebounds, seven assists, four steals and one block on 11-of-21 shooting, while Westbrook scored 36 points on 11-of-21 shooting, to go along with 11 rebounds, seven assists, three steals and one block, in 36 minutes. Enes Kanter was the only other Thunder player to score in double digits, as he finished with 29 points on 10-of-18 shooting, in 32 minutes off the bench. The Kings shot 46 percent from the field and 36 percent from long range, while the Kings shot 46 percent from the field and 36 percent from long range. DeMarcus Cousins led the way for the Kings, with 31 points on 11-of-20 shooting, along with 11 rebounds, seven assists and four steals, in 34 minutes. Enes Kanter followed up with 29 points on 10-of-18 shooting, in 32 minutes, while Steven Adams chipped in 21 points, four rebounds and one steal, in 27 minutes.",01_15_17,https://www.basketball-reference.com/boxscores/201701150SAC.html,https://www.basketball-reference.com/teams/SAC/2017_games.html,https://www.basketball-reference.com/teams/OKC/2017_games.html,https://www.timeanddate.com/calendar/monthly.html?year=2017&month=01&country=1
S008,Jazz,Grizzlies,496,"The Memphis Grizzlies defeated the Utah Jazz , 102 - 96 , at Vivint Smart Home Arena on Saturday . The Grizzlies ( 5 - 5 ) checked in to Saturday 's contest with only six road wins in 17 tries this season , but the Grizzlies ( 5 - 5 ) came in to Tuesday 's contest with a 33 - point first quarter , and the Grizzlies ( 5 - 5 ) were able to pull away in the second half . The Jazz ( 7 - 5 ) were led by Marc Gasol , who scored a game - high 22 points on 9 - of - 17 shooting , to go along with five rebounds , five assists and one steal , in 33 minutes . Mike Conley followed up with 18 points on 7 - of - 14 shooting , including 2 - of - 5 from long range , to go along with seven assists , three rebounds and one steal , in 31 minutes . Zach Randolph chipped in 18 points on 7 - of - 13 shooting , including 4 - of - 4 from long range , in 23 minutes off the bench . The Jazz shot 48 percent from the field and 29 percent from long range , while the Jazz shot 48 percent from the field and 29 percent from long range . The Grizzlies ( 5 - 5 ) have now lost four of their last five games , as they continue to battle for the top seed in the West . Gordon Hayward led the way for the Grizzlies , with 13 points on 4 - of - 14 shooting , to go along with four rebounds , three assists and one steal , in 36 minutes . Zach Randolph followed up with 18 points , while Rudy Gobert chipped in 22 points on 9 - of - 17 shooting , in 22 minutes off the bench . The Jazz shot 48 percent from the field and 29 percent from long range , while the Jazz shot 48 percent from the field and 29 percent from long range . The Jazz will look to bounce back as they play host to the Trail Blazers on Monday .","The Memphis Grizzlies defeated the Utah Jazz, 102-96, at Vivint Smart Home Arena on Saturday. The Grizzlies (5-5)  checked in to Saturday's contest with only six road wins in 17 tries this season, but the Grizzlies (5-5)  came in to Tuesday's contest with a 33-point first quarter, and the Grizzlies (5-5)  were able to pull away in the second half. The Jazz (7-5)  were led by Marc Gasol, who scored a game-high 22 points on 9-of-17 shooting, to go along with five rebounds, five assists and one steal, in 33 minutes. Mike Conley followed up with 18 points on 7-of-14 shooting, including 2-of-5 from long range, to go along with seven assists, three rebounds and one steal, in 31 minutes. Zach Randolph chipped in 18 points on 7-of-13 shooting, including 4-of-4 from long range, in 23 minutes off the bench. The Jazz shot 48 percent from the field and 29 percent from long range, while the Jazz shot 48 percent from the field and 29 percent from long range. The Grizzlies (5-5)  have now lost four of their last five games, as they continue to battle for the top seed in the West. Gordon Hayward led the way for the Grizzlies, with 13 points on 4-of-14 shooting, to go along with four rebounds, three assists and one steal, in 36 minutes. Zach Randolph followed up with 18 points, while Rudy Gobert chipped in 22 points on 9-of-17 shooting, in 22 minutes off the bench. The Jazz shot 48 percent from the field and 29 percent from long range, while the Jazz shot 48 percent from the field and 29 percent from long range. The Jazz will look to bounce back as they play host to the Trail Blazers on Monday.",11_14_16,https://www.basketball-reference.com/boxscores/201611140UTA.html,https://www.basketball-reference.com/teams/UTA/2017_games.html,https://www.basketball-reference.com/teams/MEM/2017_games.html,https://www.timeanddate.com/calendar/monthly.html?year=2016&month=11&country=1
S009,Bucks,Lakers,285,"The Milwaukee Bucks defeated the Los Angeles Lakers , 122 - 122 , at BMO Harris Bradley Center on Tuesday . In a battle between two struggling teams , the Bucks were able to prevail with a huge road win . In fact , the Bucks led for the majority of the game , as they led by double - digits for the entirety of the second half . Rebounding was key for the Lakers , as they held the Lakers to 29 percent shooting and forced them to commit 17 turnovers . The Lakers ( 19 - 37 ) have now won four of their last five games , as they continue to struggle . D'Angelo Russell was the player of the game , as he tallied 41 points , three rebounds and five assists on 11 - of - 20 shooting . Luol Deng was second on the team , as he accrued 26 points , three rebounds and two assists . D'Angelo Russell was the only other starter in double figures , as he accrued 14 points , three rebounds and five assists . On deck for Los Angeles is a road matchup with the New Orleans Pelicans on Sunday . Milwaukee ( 22 - 30 ) has now lost three of their last five games , as they continue to struggle . Giannis Antetokounmpo was the player of the game , as he accumulated 41 points , eight rebounds and six assists . Khris Middleton was second on the team , as he accrued 18 points , six rebounds and six assists . Greg Monroe was the only other starter in double figures , as he accrued 18 points , five rebounds and three assists . Milwaukee will look to build off this win on Friday in a road matchup with the Orlando Magic .","The Milwaukee Bucks defeated the Los Angeles Lakers, 122-122, at BMO Harris Bradley Center on Tuesday. In a battle between two struggling teams, the Bucks were able to prevail with a huge road win. In fact, the Bucks led for the majority of the game, as they led by double-digits for the entirety of the second half. Rebounding was key for the Lakers, as they held the Lakers to 29 percent shooting and forced them to commit 17 turnovers. The Lakers (19-37)  have now won four of their last five games, as they continue to struggle. D'Angelo Russell was the player of the game, as he tallied 41 points, three rebounds and five assists on 11-of-20 shooting. Luol Deng was second on the team, as he accrued 26 points, three rebounds and two assists. D'Angelo Russell was the only other starter in double figures, as he accrued 14 points, three rebounds and five assists. On deck for Los Angeles is a road matchup with the New Orleans Pelicans on Sunday. Milwaukee (22-30)  has now lost three of their last five games, as they continue to struggle. Giannis Antetokounmpo was the player of the game, as he accumulated 41 points, eight rebounds and six assists. Khris Middleton was second on the team, as he accrued 18 points, six rebounds and six assists. Greg Monroe was the only other starter in double figures, as he accrued 18 points, five rebounds and three assists. Milwaukee will look to build off this win on Friday in a road matchup with the Orlando Magic.",02_10_17,https://www.basketball-reference.com/boxscores/201702100MIL.html,https://www.basketball-reference.com/teams/MIL/2017_games.html,https://www.basketball-reference.com/teams/LAL/2017_games.html,https://www.timeanddate.com/calendar/monthly.html?year=2017&month=02&country=1
S010,Magic,Hawks,153,"The Atlanta Hawks defeated the host Orlando Magic , 111 - 92 , at Amway Center on Friday . In a battle between two struggling teams , the Hawks were able to prevail with a huge road win . In fact , there were 11 ties and 11 lead changes in total , with neither team leading by more than 11 points . Defense was key for Atlanta , as they held Orlando to 43 percent from the field and 53 percent from three - point range . Rebounding was a huge factor as well , with the Hawks recording 27 assists to 12 turnovers , while the Magic committed 17 turnovers to just 19 assists . The Hawks ( 19 - 16 ) have now lost four of their last five games , as they continue to struggle . Dennis Schroder was the player of the game , as he tallied 18 points , six rebounds and seven assists on 7 - of - 13 shooting . Dwight Howard recorded a double - double , totaling 13 points and 12 rebounds . Kent Bazemore was the only other starter in double figures , as he totaled 17 points and four assists . On deck for Atlanta is a home matchup against the New Orleans Pelicans on Saturday . The Magic ( 16 - 21 ) have been struggling mightily recently , but this was a huge win . Nikola Vucevic was the player of the game , as he collected 10 points , 12 rebounds and six assists . Evan Fournier was second on the team , as he accrued 14 points , one rebound and one assist . Nikola Vucevic recorded a double - double , totaling 10 points and 10 rebounds . Evan Fournier was the only other Magic player in double figures , as he amassed 14 points and one rebound . Orlando will look to keep rolling on Friday in a home matchup against the Toronto Raptors .","The Atlanta Hawks defeated the host Orlando Magic, 111-92, at Amway Center on Friday. In a battle between two struggling teams, the Hawks were able to prevail with a huge road win. In fact, there were 11 ties and 11 lead changes in total, with neither team leading by more than 11 points. Defense was key for Atlanta, as they held Orlando to 43 percent from the field and 53 percent from three-point range. Rebounding was a huge factor as well, with the Hawks recording 27 assists to 12 turnovers, while the Magic committed 17 turnovers to just 19 assists. The Hawks (19-16)  have now lost four of their last five games, as they continue to struggle. Dennis Schroder was the player of the game, as he tallied 18 points, six rebounds and seven assists on 7-of-13 shooting. Dwight Howard recorded a double-double, totaling 13 points and 12 rebounds. Kent Bazemore was the only other starter in double figures, as he totaled 17 points and four assists. On deck for Atlanta is a home matchup against the New Orleans Pelicans on Saturday. The Magic (16-21)  have been struggling mightily recently, but this was a huge win. Nikola Vucevic was the player of the game, as he collected 10 points, 12 rebounds and six assists. Evan Fournier was second on the team, as he accrued 14 points, one rebound and one assist. Nikola Vucevic recorded a double-double, totaling 10 points and 10 rebounds. Evan Fournier was the only other Magic player in double figures, as he amassed 14 points and one rebound. Orlando will look to keep rolling on Friday in a home matchup against the Toronto Raptors.",01_04_17,https://www.basketball-reference.com/boxscores/201701040ORL.html,https://www.basketball-reference.com/teams/ORL/2017_games.html,https://www.basketball-reference.com/teams/ATL/2017_games.html,https://www.timeanddate.com/calendar/monthly.html?year=2017&month=01&country=1
S011,Hawks,Wizards,366,"The Atlanta Hawks ( 41 - 9 ) defeated the Washington Wizards ( 31 - 19 ) 105 - 96 on Tuesday at Philips Arena in Atlanta . The Hawks got off to a quick start in this one , out - scoring the Wizards 29 - 18 in the first quarter alone . The Hawks were able to out - score the Wizards 28 - 18 in the third quarter , while the Wizards were able to coast to a victory in front of their home crowd . The Hawks shot 48 percent from the field and 44 percent from the three - point line , while the Wizards finished at 44 percent from the floor and just 25 percent from deep . The Hawks were also able to force the Wizards into 14 turnovers , while committing just 12 of their own . The Hawks were led by the duo of John Wall and Bradley Beal . Wall went 9 - for - 15 from the field and 3 - for - 5 from the three - point line to finish with a team - high of 24 points , while also adding nine assists and seven rebounds . It was his second double - double in a row , as he 's combined for 54 points and 14 rebounds over his last two games . Notching a double - double of his own , Paul Millsap finished with 11 points ( 4 - 7 FG , 2 - 3 3Pt , 1 - 2 FT ) and 11 rebounds . It was his second double - double in a row , a stretch where he 's averaging 21 points and 12 rebounds . Notching a double - double of his own , Bradley Beal finished with 23 points ( 8 - 19 FG , 0 - 4 3Pt , 7 - 10 FT ) and 8 rebounds . He 's now averaging 16 points and 6 rebounds on the year . The only other Hawk to reach double figures in points was Al Horford , who finished with 21 points ( 10 - 24 FG , 0 - 1 3Pt , 1 - 1 FT ) and a team - high of 13 rebounds . The Hawks ' next game will be at home against the New Orleans Pelicans on Friday , while the Wizards will be at home against the Cleveland Cavaliers on Friday .","The Atlanta Hawks (41-9)  defeated the Washington Wizards (31-19)  105-96 on Tuesday at Philips Arena in Atlanta. The Hawks got off to a quick start in this one, out-scoring the Wizards 29-18 in the first quarter alone. The Hawks were able to out-score the Wizards 28-18 in the third quarter, while the Wizards were able to coast to a victory in front of their home crowd. The Hawks shot 48 percent from the field and 44 percent from the three-point line, while the Wizards finished at 44 percent from the floor and just 25 percent from deep. The Hawks were also able to force the Wizards into 14 turnovers, while committing just 12 of their own. The Hawks were led by the duo of John Wall and Bradley Beal. Wall went 9-for-15 from the field and 3-for-5 from the three-point line to finish with a team-high of 24 points, while also adding nine assists and seven rebounds. It was his second double-double in a row, as he's combined for 54 points and 14 rebounds over his last two games. Notching a double-double of his own, Paul Millsap finished with 11 points (4-7 FG, 2-3 3Pt, 1-2 FT)  and 11 rebounds. It was his second double-double in a row, a stretch where he's averaging 21 points and 12 rebounds. Notching a double-double of his own, Bradley Beal finished with 23 points (8-19 FG, 0-4 3Pt, 7-10 FT)  and 8 rebounds. He's now averaging 16 points and 6 rebounds on the year. The only other Hawk to reach double figures in points was Al Horford, who finished with 21 points (10-24 FG, 0-1 3Pt, 1-1 FT)  and a team-high of 13 rebounds. The Hawks ' next game will be at home against the New Orleans Pelicans on Friday, while the Wizards will be at home against the Cleveland Cavaliers on Friday.",02_04_15,https://www.basketball-reference.com/boxscores/201502040ATL.html,https://www.basketball-reference.com/teams/ATL/2015_games.html,https://www.basketball-reference.com/teams/WAS/2015_games.html,https://www.timeanddate.com/calendar/monthly.html?year=2015&month=02&country=1
S012,Suns,Nuggets,365,"The Denver Nuggets defeated the Phoenix Suns , 123 - 112 , at Talking Stick Resort Arena on Friday evening . The Nuggets ( 21 - 25 ) came into this game tied for the worst record in the west and this was a much needed win for the Suns ( 21 - 25 ) . Six players scored in double digits for Denver , including Danilo Gallinari , who led the way with 32 points , eight rebounds and one assist . Gary Harris followed up with 15 points , seven rebounds , four assists and two steals , while Wilson Chandler chipped in six points , three rebounds and one steal . Jameer Nelson chipped in 17 points , three rebounds and one steal . Jameer Nelson chipped in 17 points , three rebounds , six assists and one steal , while Wilson Chandler chipped in six points , three rebounds and one steal . The Nuggets ( 15 - 32 ) were led by Devin Booker , who tallied 23 points , four rebounds , two assists , one steal and one block . Tyson Chandler finished with 15 points , 12 rebounds and two steals , while Tyson Chandler finished with 15 points , 12 rebounds and two steals . Tyson Chandler finished with 15 points , 12 rebounds and two steals . Next up , the Suns host the Phoenix Suns on Friday for their next game .","The Denver Nuggets defeated the Phoenix Suns, 123-112, at Talking Stick Resort Arena on Friday evening. The Nuggets (21-25)  came into this game tied for the worst record in the west and this was a much needed win for the Suns (21-25). Six players scored in double digits for Denver, including Danilo Gallinari, who led the way with 32 points, eight rebounds and one assist. Gary Harris followed up with 15 points, seven rebounds, four assists and two steals, while Wilson Chandler chipped in six points, three rebounds and one steal. Jameer Nelson chipped in 17 points, three rebounds and one steal. Jameer Nelson chipped in 17 points, three rebounds, six assists and one steal, while Wilson Chandler chipped in six points, three rebounds and one steal. The Nuggets (15-32)  were led by Devin Booker, who tallied 23 points, four rebounds, two assists, one steal and one block. Tyson Chandler finished with 15 points, 12 rebounds and two steals, while Tyson Chandler finished with 15 points, 12 rebounds and two steals. Tyson Chandler finished with 15 points, 12 rebounds and two steals. Next up, the Suns host the Phoenix Suns on Friday for their next game.",01_28_17,https://www.basketball-reference.com/boxscores/201701280PHO.html,https://www.basketball-reference.com/teams/PHO/2017_games.html,https://www.basketball-reference.com/teams/DEN/2017_games.html,https://www.timeanddate.com/calendar/monthly.html?year=2017&month=01&country=1
S013,Cavaliers,Magic,230,"The Cleveland Cavaliers ( 22 - 9 ) defeated the Orlando Magic ( 19 - 15 ) 104 - 79 on Wednesday at the Quicken Loans Arena in Cleveland . The Cavaliers had a strong first half where they out - scored the Magic 31 - 19 . The Magic were led by a strong performance from Kyrie Irving , who finished with 13 points ( 4 - 12 FG , 0 - 4 3Pt , 5 - 7 FT ) , five assists and two rebounds in 21 minutes . LeBron James had 29 points ( 11 - 18 FG , 4 - 7 3Pt , 3 - 4 FT ) , along with five rebounds , three assists and two steals , in 29 minutes . Kevin Love chipped in 10 points ( 2 - 5 FG , 1 - 2 3Pt , 5 - 8 FT ) , 13 rebounds , two assists and one steal , in 29 minutes . Nikola Vucevic was limited to just four points ( 2 - 5 FG , 0 - 4 3Pt , 5 - 7 FT ) , along with five assists , in 21 minutes . Aaron Gordon chipped in 11 points ( 5 - 10 FG , 1 - 2 3Pt , 2 - 2 FT ) , along with four rebounds , two assists and one steal , in 29 minutes . Nikola Vucevic was limited to just four points ( 2 - 5 FG , 0 - 4 3Pt , 5 - 7 FT ) and five assists in 21 minutes , while Aaron Gordon chipped in 11 points ( 5 - 10 FG , 1 - 2 3Pt ) of his own . The Magic will look to get back on track as they play host to the Magic on Monday .","The Cleveland Cavaliers (22-9)  defeated the Orlando Magic (19-15)  104-79 on Wednesday at the Quicken Loans Arena in Cleveland. The Cavaliers had a strong first half where they out-scored the Magic 31-19. The Magic were led by a strong performance from Kyrie Irving, who finished with 13 points (4-12 FG, 0-4 3Pt, 5-7 FT), five assists and two rebounds in 21 minutes. LeBron James had 29 points (11-18 FG, 4-7 3Pt, 3-4 FT), along with five rebounds, three assists and two steals, in 29 minutes. Kevin Love chipped in 10 points (2-5 FG, 1-2 3Pt, 5-8 FT), 13 rebounds, two assists and one steal, in 29 minutes. Nikola Vucevic was limited to just four points (2-5 FG, 0-4 3Pt, 5-7 FT), along with five assists, in 21 minutes. Aaron Gordon chipped in 11 points (5-10 FG, 1-2 3Pt, 2-2 FT), along with four rebounds, two assists and one steal, in 29 minutes. Nikola Vucevic was limited to just four points (2-5 FG, 0-4 3Pt, 5-7 FT)  and five assists in 21 minutes, while Aaron Gordon chipped in 11 points (5-10 FG, 1-2 3Pt)  of his own. The Magic will look to get back on track as they play host to the Magic on Monday.",01_02_16,https://www.basketball-reference.com/boxscores/201601020CLE.html,https://www.basketball-reference.com/teams/CLE/2016_games.html,https://www.basketball-reference.com/teams/ORL/2016_games.html,https://www.timeanddate.com/calendar/monthly.html?year=2016&month=01&country=1
S014,Trail Blazers,Lakers,207,"The Portland Trail Blazers ( 7 - 10 ) defeated the Los Angeles Lakers ( 2 - 13 ) 108 - 96 on Friday at the Moda Center in Portland . The Trail Blazers got off to a quick start in this one , out - scoring the Lakers 34 - 21 right away in the first quarter . The Trail Blazers were the superior shooters in this game , going 49 percent from the field and 40 percent from the three - point line , while the Lakers went 44 percent from the floor and just 30 percent from deep . The Trail Blazers were led by the duo of CJ McCollum and Damian Lillard . Lillard went 9 - for - 19 from the field and 5 - for - 11 from the three - point line to score a game - high of 29 points , while also adding seven assists . He 's combined for 37 points over his last two games , as he continues to be a force on the boards . Lillard on the other hand shot 12 - for - 20 from the field and 4 - for - 7 from the three - point line to score 28 points . It was his second strong showing in a row , as he 's combined for 56 points and 22 rebounds over his last two games . The only other player to reach double figures in points was Kobe Bryant , who came off the bench for 21 points ( 7 - 20 FG , 1 - 5 3Pt , 6 - 7 FT ) , two rebounds and two assists . It was far - and - away his best game of the year so far , as it marked a new season - high in points for the guard . The only other player to reach double figures in points was Jordan Clarkson , who finished with 19 points ( 8 - 15 FG , 2 - 5 3Pt , 1 - 2 FT ) , two assists and four steals . It was the first time he 's surpassed the 20 - point mark this season , so it was good to see him get back on track . The Lakers also saw some strong contributions off their bench . Jordan Clarkson led the way with 19 points ( 8 - 15 FG , 2 - 5 3Pt , 1 - 2 FT ) , four assists and four steals , while Clarkson had 19 points ( 8 - 15 FG , 2 - 5 3Pt , 1 - 2 FT ) of his own , to go along with four assists and four steals . The Trail Blazers ' next game will be at home against the Portland Trail Blazers on Friday , while the Lakers will travel to Sacramento to play the Kings on Friday .","The Portland Trail Blazers (7-10)  defeated the Los Angeles Lakers (2-13)  108-96 on Friday at the Moda Center in Portland. The Trail Blazers got off to a quick start in this one, out-scoring the Lakers 34-21 right away in the first quarter. The Trail Blazers were the superior shooters in this game, going 49 percent from the field and 40 percent from the three-point line, while the Lakers went 44 percent from the floor and just 30 percent from deep. The Trail Blazers were led by the duo of CJ McCollum and Damian Lillard. Lillard went 9-for-19 from the field and 5-for-11 from the three-point line to score a game-high of 29 points, while also adding seven assists. He's combined for 37 points over his last two games, as he continues to be a force on the boards. Lillard on the other hand shot 12-for-20 from the field and 4-for-7 from the three-point line to score 28 points. It was his second strong showing in a row, as he's combined for 56 points and 22 rebounds over his last two games. The only other player to reach double figures in points was Kobe Bryant, who came off the bench for 21 points (7-20 FG, 1-5 3Pt, 6-7 FT), two rebounds and two assists. It was far-and-away his best game of the year so far, as it marked a new season-high in points for the guard. The only other player to reach double figures in points was Jordan Clarkson, who finished with 19 points (8-15 FG, 2-5 3Pt, 1-2 FT), two assists and four steals. It was the first time he's surpassed the 20-point mark this season, so it was good to see him get back on track. The Lakers also saw some strong contributions off their bench. Jordan Clarkson led the way with 19 points (8-15 FG, 2-5 3Pt, 1-2 FT), four assists and four steals, while Clarkson had 19 points (8-15 FG, 2-5 3Pt, 1-2 FT)  of his own, to go along with four assists and four steals. The Trail Blazers ' next game will be at home against the Portland Trail Blazers on Friday, while the Lakers will travel to Sacramento to play the Kings on Friday.",11_28_15,https://www.basketball-reference.com/boxscores/201511280POR.html,https://www.basketball-reference.com/teams/POR/2016_games.html,https://www.basketball-reference.com/teams/LAL/2016_games.html,https://www.timeanddate.com/calendar/monthly.html?year=2015&month=11&country=1
S015,Heat,Raptors,637,"The Toronto Raptors ( 17 - 11 ) defeated the Miami Heat ( 15 - 10 ) 108 - 94 on Wednesday at American Airlines Arena in Miami . The Raptors got off to a hot start in this game , out - scoring the Heat 64 - 52 in the first half alone . They were also able to out - score the Heat 50 - 38 in the second half , allowing them to coast to an easy victory in front of their home crowd . The Raptors were led by Kyle Lowry , who finished with 21 points ( 8 - 18 FG , 1 - 4 3Pt , 4 - 4 FT ) , four assists and four steals . DeMar DeRozan had a strong showing with 30 points ( 10 - 17 FG , 0 - 1 3Pt , 10 - 13 FT ) , four rebounds , four assists and two steals . DeMarre Carroll chipped in with 13 points ( 5 - 9 FG , 1 - 2 3Pt , 2 - 2 FT ) and five assists , while Gerald Green came off the bench to score 20 points ( 7 - 15 FG , 5 - 10 3Pt , 1 - 1 FT ) in just his second NBA regular season game ever . The Heat also saw some solid contributions off their bench . Gerald Green led the way with 20 points ( 7 - 15 FG , 5 - 10 3Pt , 1 - 1 FT ) off the bench . The Heat will look to get back on track in the second half of a back - to - back when they travel to Cleveland to take on the Cavaliers on Sunday night . Miami has now lost three straight games . Hassan Whiteside had a strong showing as well , finishing with a team - high of 20 points ( 7 - 15 FG , 5 - 10 3Pt , 1 - 1 FT ) . He 's now combined for 37 points in the last two games , as he continues to stay very consistent for the Heat . Miami will look to get back on track in their next game on Sunday against the Timberwolves .","The Toronto Raptors (17-11)  defeated the Miami Heat (15-10)  108-94 on Wednesday at American Airlines Arena in Miami. The Raptors got off to a hot start in this game, out-scoring the Heat 64-52 in the first half alone. They were also able to out-score the Heat 50-38 in the second half, allowing them to coast to an easy victory in front of their home crowd. The Raptors were led by Kyle Lowry, who finished with 21 points (8-18 FG, 1-4 3Pt, 4-4 FT), four assists and four steals. DeMar DeRozan had a strong showing with 30 points (10-17 FG, 0-1 3Pt, 10-13 FT), four rebounds, four assists and two steals. DeMarre Carroll chipped in with 13 points (5-9 FG, 1-2 3Pt, 2-2 FT)  and five assists, while Gerald Green came off the bench to score 20 points (7-15 FG, 5-10 3Pt, 1-1 FT)  in just his second NBA regular season game ever. The Heat also saw some solid contributions off their bench. Gerald Green led the way with 20 points (7-15 FG, 5-10 3Pt, 1-1 FT)  off the bench. The Heat will look to get back on track in the second half of a back-to-back when they travel to Cleveland to take on the Cavaliers on Sunday night. Miami has now lost three straight games. Hassan Whiteside had a strong showing as well, finishing with a team-high of 20 points (7-15 FG, 5-10 3Pt, 1-1 FT). He's now combined for 37 points in the last two games, as he continues to stay very consistent for the Heat. Miami will look to get back on track in their next game on Sunday against the Timberwolves.",12_18_15,https://www.basketball-reference.com/boxscores/201512180MIA.html,https://www.basketball-reference.com/teams/MIA/2016_games.html,https://www.basketball-reference.com/teams/TOR/2016_games.html,https://www.timeanddate.com/calendar/monthly.html?year=2015&month=12&country=1
S016,Thunder,Jazz,307,"The Oklahoma City Thunder ( 50 - 22 ) defeated the visiting Utah Jazz ( 35 - 37 ) 113 - 91 , on Friday night at Chesapeake Energy Arena . This game was tight throughout the first half , but the Thunder came out strong in the third quarter , out - scoring the Jazz 29 - 8 . The Jazz came out strong in the third quarter , out - scoring the Jazz 29 - 8 , but the Thunder battled back in the second and third quarters , where they out - scored the Jazz 59 - 42 , to tie the game on a 24 - 2 run . Oklahoma City was led by Russell Westbrook , who scored a game - high 15 points ( 6 - 15 FG , 1 - 3 3Pt , 2 - 3 FT ) , along with nine assists , seven rebounds and three steals , in 27 minutes . Kevin Durant followed up with 20 points ( 7 - 11 FG , 2 - 4 3Pt , 4 - 5 FT ) , eight rebounds , nine assists , two steals and one block , in 30 minutes , while Dion Waiters chipped in 17 points ( 8 - 16 FG , 1 - 4 3Pt ) , two rebounds , three assists and three steals , in 29 minutes . Gordon Hayward had six points ( 2 - 6 FG , 0 - 3 3Pt , 2 - 2 FT ) , five assists and two rebounds , while Derrick Favors chipped in seven points ( 3 - 8 FG , 1 - 4 3Pt ) , two rebounds , three assists and three steals , in 29 minutes . The Jazz had six players score in double figures , including Gordon Hayward . Hayward finished with six points ( 2 - 6 FG , 0 - 3 3Pt , 2 - 2 FT ) , five assists and two rebounds , in 37 minutes . Derrick Favors chipped in seven points ( 3 - 8 FG , 1 - 1 FT ) , two rebounds and two steals , in 30 minutes . The Jazz had six players reach double figures in points . Gordon Hayward had six points ( 2 - 6 FG , 0 - 3 3Pt , 2 - 2 FT ) , five assists and two rebounds , while Favors had seven points ( 3 - 8 FG , 1 - 1 FT ) , two rebounds and two steals . The Jazz have now lost two in a row . Next the Jazz will host the Grizzlies on Saturday . The Thunder have a couple of days off before getting back in action on Tuesday in Denver .","The Oklahoma City Thunder (50-22)  defeated the visiting Utah Jazz (35-37)  113-91, on Friday night at Chesapeake Energy Arena. This game was tight throughout the first half, but the Thunder came out strong in the third quarter, out-scoring the Jazz 29-8. The Jazz came out strong in the third quarter, out-scoring the Jazz 29-8, but the Thunder battled back in the second and third quarters, where they out-scored the Jazz 59-42, to tie the game on a 24-2 run. Oklahoma City was led by Russell Westbrook, who scored a game-high 15 points (6-15 FG, 1-3 3Pt, 2-3 FT), along with nine assists, seven rebounds and three steals, in 27 minutes. Kevin Durant followed up with 20 points (7-11 FG, 2-4 3Pt, 4-5 FT), eight rebounds, nine assists, two steals and one block, in 30 minutes, while Dion Waiters chipped in 17 points (8-16 FG, 1-4 3Pt), two rebounds, three assists and three steals, in 29 minutes. Gordon Hayward had six points (2-6 FG, 0-3 3Pt, 2-2 FT), five assists and two rebounds, while Derrick Favors chipped in seven points (3-8 FG, 1-4 3Pt), two rebounds, three assists and three steals, in 29 minutes. The Jazz had six players score in double figures, including Gordon Hayward. Hayward finished with six points (2-6 FG, 0-3 3Pt, 2-2 FT), five assists and two rebounds, in 37 minutes. Derrick Favors chipped in seven points (3-8 FG, 1-1 FT), two rebounds and two steals, in 30 minutes. The Jazz had six players reach double figures in points. Gordon Hayward had six points (2-6 FG, 0-3 3Pt, 2-2 FT), five assists and two rebounds, while Favors had seven points (3-8 FG, 1-1 FT), two rebounds and two steals. The Jazz have now lost two in a row. Next the Jazz will host the Grizzlies on Saturday. The Thunder have a couple of days off before getting back in action on Tuesday in Denver.",03_24_16,https://www.basketball-reference.com/boxscores/201603240OKC.html,https://www.basketball-reference.com/teams/OKC/2016_games.html,https://www.basketball-reference.com/teams/UTA/2016_games.html,https://www.timeanddate.com/calendar/monthly.html?year=2016&month=03&country=1
S017,Cavaliers,Pistons,667,"The Cleveland Cavaliers defeated the Detroit Pistons , 128 - 96 , at Quicken Loans Arena on Saturday evening . The Cavaliers ( 44 - 22 ) checked in to Monday 's contest with only seven road wins in 17 games away from the Barclays Center , but the Cavaliers ( 33 - 34 ) were able to pull away with an impressive road victory against the Pistons ( 33 - 34 ) . The Cavaliers ( 33 - 34 ) checked in to Tuesday 's contest with only seven road wins in 17 games away from the Barclays Center , but the Cavaliers ( 33 - 34 ) were able to pull away with an impressive road victory against the Pistons ( 33 - 34 ) . Cleveland posted a 60 percent success rate from the field and 63 percent from three - point range , while also limiting them to a paltry 63 percent success rate from behind the arc . Andre Drummond led the way for the Cavs with a modest stat line of eight points , 14 rebounds and one assist . Reggie Jackson followed with a modest six points , five assists , one rebound and one steal . Kentavious Caldwell-Pope led the bench with 11 points , two rebounds , three assists and one steal . Marcus Morris matched Morris 's point total and added seven boards , an assist and a steal . Ish Smith was productive in a reserve role as well with 12 points , three assists , one rebound and one steal . Richard Jefferson and Richard Jefferson were next with a pair of 16 - point efforts , with the former adding one assist , two rebounds and one steal , and the latter registering eight boards , one assist and two steals . Deron Williams was next with 13 points , three assists , two rebounds and a steal . Kyle Korver totaled 12 points , five boards , one assist and one steal . Richard Jefferson led the bench with 16 points , one assist , two rebounds and two steals . The Pistons head back home to tangle with the Atlanta Hawks on Friday night , while the Cavaliers remain home and await the Philadelphia 76ers on Friday evening as well .","The Cleveland Cavaliers defeated the Detroit Pistons, 128-96, at Quicken Loans Arena on Saturday evening. The Cavaliers (44-22)  checked in to Monday's contest with only seven road wins in 17 games away from the Barclays Center, but the Cavaliers (33-34)  were able to pull away with an impressive road victory against the Pistons (33-34). The Cavaliers (33-34)  checked in to Tuesday's contest with only seven road wins in 17 games away from the Barclays Center, but the Cavaliers (33-34)  were able to pull away with an impressive road victory against the Pistons (33-34). Cleveland posted a 60 percent success rate from the field and 63 percent from three-point range, while also limiting them to a paltry 63 percent success rate from behind the arc. Andre Drummond led the way for the Cavs with a modest stat line of eight points, 14 rebounds and one assist. Reggie Jackson followed with a modest six points, five assists, one rebound and one steal. Kentavious Caldwell-Pope led the bench with 11 points, two rebounds, three assists and one steal. Marcus Morris matched Morris's point total and added seven boards, an assist and a steal. Ish Smith was productive in a reserve role as well with 12 points, three assists, one rebound and one steal. Richard Jefferson and Richard Jefferson were next with a pair of 16-point efforts, with the former adding one assist, two rebounds and one steal, and the latter registering eight boards, one assist and two steals. Deron Williams was next with 13 points, three assists, two rebounds and a steal. Kyle Korver totaled 12 points, five boards, one assist and one steal. Richard Jefferson led the bench with 16 points, one assist, two rebounds and two steals. The Pistons head back home to tangle with the Atlanta Hawks on Friday night, while the Cavaliers remain home and await the Philadelphia 76ers on Friday evening as well.",03_14_17,https://www.basketball-reference.com/boxscores/201703140CLE.html,https://www.basketball-reference.com/teams/CLE/2017_games.html,https://www.basketball-reference.com/teams/DET/2017_games.html,https://www.timeanddate.com/calendar/monthly.html?year=2017&month=03&country=1
S018,Warriors,Clippers,564,"The Golden State Warriors ( 64 - 7 ) defeated the Los Angeles Clippers ( 43 - 27 ) 114 - 98 on Wednesday at Oracle Arena in Oakland . The Warriors were the superior shooters in this game , going 42 percent from the field and 29 percent from the three - point line , while the Clippers went just 42 percent from the floor and a meager 29 percent from deep . The Warriors were led by the duo of Stephen Curry and Klay Thompson . Curry finished with a game - high of 33 points ( 12 - 23 FG , 4 - 10 3Pt , 5 - 6 FT ) , while also adding five assists and three steals . He 's had two solid showings in a row , combining for 39 points , 13 assists and three steals . Draymond Green nearly had a triple - double of his own , as he posted 12 points ( 4 - 8 FG , 0 - 2 3Pt , 4 - 6 FT ) and 12 rebounds . He 's riding a nice two - game stretch where he 's combined for 29 points and 12 rebounds . Harrison Barnes chipped in with 11 points ( 3 - 11 FG , 2 - 4 3Pt , 3 - 4 FT ) and six rebounds of his own . The Clippers received some strong contributions from their bench , with both Josh Smith and Jamal Crawford shooting all . Jordan finished with 19 points ( 7 - 10 FG , 5 - 10 FT ) , 20 rebounds and two blocked shots , while Crawford went 4 - for - 11 from the field and 2 - for - 4 from the three - point line to score 12 points , while also handing out six assists . It was his second double - double in a row , a stretch where he 's averaging 17 points and 12 rebounds . The only other Clipper to reach double figures in points was Jamal Crawford , who shot 4 - for - 11 from the field and 2 - for - 4 from the three - point line to score 12 points , while also handing out six assists . The Clippers ' next game will be at home against the Portland Trail Blazers on Friday , while the Clippers will be at home against the Minnesota Timberwolves on Friday .","The Golden State Warriors (64-7)  defeated the Los Angeles Clippers (43-27)  114-98 on Wednesday at Oracle Arena in Oakland. The Warriors were the superior shooters in this game, going 42 percent from the field and 29 percent from the three-point line, while the Clippers went just 42 percent from the floor and a meager 29 percent from deep. The Warriors were led by the duo of Stephen Curry and Klay Thompson. Curry finished with a game-high of 33 points (12-23 FG, 4-10 3Pt, 5-6 FT), while also adding five assists and three steals. He's had two solid showings in a row, combining for 39 points, 13 assists and three steals. Draymond Green nearly had a triple-double of his own, as he posted 12 points (4-8 FG, 0-2 3Pt, 4-6 FT)  and 12 rebounds. He's riding a nice two-game stretch where he's combined for 29 points and 12 rebounds. Harrison Barnes chipped in with 11 points (3-11 FG, 2-4 3Pt, 3-4 FT)  and six rebounds of his own. The Clippers received some strong contributions from their bench, with both Josh Smith and Jamal Crawford shooting all. Jordan finished with 19 points (7-10 FG, 5-10 FT), 20 rebounds and two blocked shots, while Crawford went 4-for-11 from the field and 2-for-4 from the three-point line to score 12 points, while also handing out six assists. It was his second double-double in a row, a stretch where he's averaging 17 points and 12 rebounds. The only other Clipper to reach double figures in points was Jamal Crawford, who shot 4-for-11 from the field and 2-for-4 from the three-point line to score 12 points, while also handing out six assists. The Clippers ' next game will be at home against the Portland Trail Blazers on Friday, while the Clippers will be at home against the Minnesota Timberwolves on Friday.",03_23_16,https://www.basketball-reference.com/boxscores/201603230GSW.html,https://www.basketball-reference.com/teams/GSW/2016_games.html,https://www.basketball-reference.com/teams/LAC/2016_games.html,https://www.timeanddate.com/calendar/monthly.html?year=2016&month=03&country=1
S019,Heat,Pacers,185,"The Miami Heat defeated the Indiana Pacers , 113 - 95 , at American Airlines Arena on Saturday evening . The Heat were expected to win this game easily and they took care of business in this wire - to - wire win . In fact , the Heat led for the entirety of the second half , as they outscored the Pacers , 30 - 16 , in the third quarter . The assist - to - turnover ratio was the decisive statistic , with Miami recording 23 assists to 16 turnovers , while Indiana committed 15 turnovers to just 16 assists . The Pacers ( 30 - 29 ) have now won five of their last six games , as they continue to falter . Paul George led the way for Indiana , as he tallied 10 points , five rebounds and one assist . Jeff Teague was second on the team , finishing with 16 points , three rebounds and six assists . Thaddeus Young was the only other starter in double figures , as he totaled 13 points , five rebounds and four assists . On deck for Indiana is a home matchup against the Atlanta Hawks on Friday . The Heat ( 27 - 32 ) have now won four of their last six games , as they continue to falter . Goran Dragic was the player of the game , as he accumulated 21 points , two rebounds and four assists on 8 - of - 12 shooting . Hassan Whiteside recorded a double - double , totaling 22 points and 17 rebounds . Dion Waiters was the only other starter in double figures , accruing 22 points , two rebounds and three assists . Miami will look to play better on Thursday in a home matchup against the Toronto Raptors .","The Miami Heat defeated the Indiana Pacers, 113-95, at American Airlines Arena on Saturday evening. The Heat were expected to win this game easily and they took care of business in this wire-to-wire win. In fact, the Heat led for the entirety of the second half, as they outscored the Pacers, 30-16, in the third quarter. The assist-to-turnover ratio was the decisive statistic, with Miami recording 23 assists to 16 turnovers, while Indiana committed 15 turnovers to just 16 assists. The Pacers (30-29)  have now won five of their last six games, as they continue to falter. Paul George led the way for Indiana, as he tallied 10 points, five rebounds and one assist. Jeff Teague was second on the team, finishing with 16 points, three rebounds and six assists. Thaddeus Young was the only other starter in double figures, as he totaled 13 points, five rebounds and four assists. On deck for Indiana is a home matchup against the Atlanta Hawks on Friday. The Heat (27-32)  have now won four of their last six games, as they continue to falter. Goran Dragic was the player of the game, as he accumulated 21 points, two rebounds and four assists on 8-of-12 shooting. Hassan Whiteside recorded a double-double, totaling 22 points and 17 rebounds. Dion Waiters was the only other starter in double figures, accruing 22 points, two rebounds and three assists. Miami will look to play better on Thursday in a home matchup against the Toronto Raptors.",02_25_17,https://www.basketball-reference.com/boxscores/201702250MIA.html,https://www.basketball-reference.com/teams/MIA/2017_games.html,https://www.basketball-reference.com/teams/IND/2017_games.html,https://www.timeanddate.com/calendar/monthly.html?year=2017&month=02&country=1
S020,Pelicans,Suns,107,"The Phoenix Suns defeated the host Phoenix Suns , 111 - 106 , at Smoothie King Center on Friday . The Pelicans ( 16 - 32 ) checked in to Friday 's contest with a disappointing loss to the Pelicans ( 16 - 32 ) , but they were able to pull away in the second half . However , the Pelicans were able to pull away in the second half , outscoring the Suns by a 34 - 18 margin over the final 12 minutes . However , the Pelicans battled back in the second , outscoring the Pelicans by a 34 - 18 margin over the final 12 minutes . The Pelicans were led by Eric Bledsoe 's 14 points , which he supplemented with seven rebounds , five assists and a pair of blocks . Devin Booker was right behind him with 14 points , five assists , two rebounds and a steal . Marquese Chriss followed with 12 points , three rebounds , two assists , a steal and a block . PJ Tucker led the bench with 12 points , five rebounds , an assist and a steal . Phoenix was led by Eric Bledsoe 's 14 points , which he supplemented with seven rebounds , five assists , a steal and a block . Marquese Chriss followed with 12 points , three rebounds , two assists and a block . Marquese Chriss was productive in a reserve role as well with 14 points , three rebounds , two assists and a block . Phoenix was led by Brandon Knight 's 12 points , six assists , two rebounds and a pair of steals . Eric Bledsoe was right behind him with 14 points , seven assists , seven rebounds and a pair of blocks . Terrence Jones was next with a near double - double of 12 points , nine rebounds , six assists , two steals and a block . Buddy Hield led the second unit with 11 points , five rebounds , four assists and a steal . The Suns remain in last place in the Western Conference 's Southwest Division . They head to Minnesota to take on the Timberwolves on Monday . Davis led the way for the Pelicans with 34 points , nine rebounds , an assist and five blocks . Jrue Holiday followed with 20 points , seven assists , four rebounds and three steals . Buddy Hield followed with 11 points , four assists , a rebound and a steal . Buddy Hield led the bench with 11 points , four assists , a rebound and a steal . The Pelicans remain in last place in the Western Conference 's Southwest Division . They remain home to face the Golden State Warriors on Monday .","The Phoenix Suns defeated the host Phoenix Suns, 111-106, at Smoothie King Center on Friday. The Pelicans (16-32)  checked in to Friday's contest with a disappointing loss to the Pelicans (16-32), but they were able to pull away in the second half. However, the Pelicans were able to pull away in the second half, outscoring the Suns by a 34-18 margin over the final 12 minutes. However, the Pelicans battled back in the second, outscoring the Pelicans by a 34-18 margin over the final 12 minutes. The Pelicans were led by Eric Bledsoe's 14 points, which he supplemented with seven rebounds, five assists and a pair of blocks. Devin Booker was right behind him with 14 points, five assists, two rebounds and a steal. Marquese Chriss followed with 12 points, three rebounds, two assists, a steal and a block. PJ. Tucker led the bench with 12 points, five rebounds, an assist and a steal. Phoenix was led by Eric Bledsoe's 14 points, which he supplemented with seven rebounds, five assists, a steal and a block. Marquese Chriss followed with 12 points, three rebounds, two assists and a block. Marquese Chriss was productive in a reserve role as well with 14 points, three rebounds, two assists and a block. Phoenix was led by Brandon Knight's 12 points, six assists, two rebounds and a pair of steals. Eric Bledsoe was right behind him with 14 points, seven assists, seven rebounds and a pair of blocks. Terrence Jones was next with a near double-double of 12 points, nine rebounds, six assists, two steals and a block. Buddy Hield led the second unit with 11 points, five rebounds, four assists and a steal. The Suns remain in last place in the Western Conference's Southwest Division. They head to Minnesota to take on the Timberwolves on Monday. Davis led the way for the Pelicans with 34 points, nine rebounds, an assist and five blocks. Jrue Holiday followed with 20 points, seven assists, four rebounds and three steals. Buddy Hield followed with 11 points, four assists, a rebound and a steal. Buddy Hield led the bench with 11 points, four assists, a rebound and a steal. The Pelicans remain in last place in the Western Conference's Southwest Division. They remain home to face the Golden State Warriors on Monday.",02_06_17,https://www.basketball-reference.com/boxscores/201702060NOP.html,https://www.basketball-reference.com/teams/NOP/2017_games.html,https://www.basketball-reference.com/teams/PHO/2017_games.html,https://www.timeanddate.com/calendar/monthly.html?year=2017&month=02&country=1