TEXT_ID,SENTENCE_ID,ANNOTATION_ID,TOKENS,DOC_TOKEN_START,DOC_TOKEN_END,TYPE,CORRECTION,COMMENT,MODEL,PROMPT_KEY,TIME_SECONDS
S002,1,1,Atlanta Hawks,2.0,3.0,NAME,Cavaliers,"The story says Atlanta Hawks defeated Atlanta Hawks, but the box score says the game was between Atlanta Hawks and Cleveland Cavaliers.",llama_medium,p2_sent,10936.31
S002,9,1,Sunday,188.0,188.0,NOT_CHECKABLE,,No information about the next game in the box score data.,llama_medium,p2_sent,10936.31
S003,1,1,Saturday,17.0,17.0,WORD,Sunday,"The game was played on Sunday, not Saturday.",llama_medium,p2_sent,10936.31
S003,9,1,Friday,51.0,51.0,NOT_CHECKABLE,,No information about the day of the week is available in the JSON.,llama_medium,p2_sent,10936.31
S004,1,1,Utah,3.0,3.0,NAME,Jazz,"The team name is Jazz, not Utah.",llama_medium,p2_sent,10936.31
S004,17,1,Sunday,248.0,248.0,NOT_CHECKABLE,,The box score data does not provide information about future games.,llama_medium,p2_sent,10936.31
S006,1,1,Friday,22.0,22.0,CONTEXT,Tuesday,"The game was played on Tuesday, not Friday.",llama_medium,p2_sent,10936.31
S006,2,1,double-digit,,,NUMBER,single-digit,The Nets were not a double-digit favorite.,llama_medium,p2_sent,10936.31
S006,5,1,Wednesday,105.0,105.0,NOT_CHECKABLE,,No information about the next game in the JSON.,llama_medium,p2_sent,10936.31
S006,6,1,without,116.0,116.0,CONTEXT,with,"The story says the Nets played without Brook Lopez, but the JSON says he played.",llama_medium,p2_sent,10936.31
S006,9,1,Friday,22.0,22.0,NOT_CHECKABLE,,No information about the next game in the JSON.,llama_medium,p2_sent,10936.31
S009,1,1,Milwaukee Bucks defeated Los Angeles Lakers,,,CONTEXT,The Los Angeles Lakers defeated the Milwaukee Bucks,"The story says the Bucks won, but the JSON says the Lakers won.",llama_medium,p2_sent,10936.31
S009,2,1,prevail,35.0,35.0,CONTEXT,,The Bucks did not prevail with a huge road win.,llama_medium,p2_sent,10936.31
S009,6,1,41,129.0,129.0,NUMBER,14,"D'Angelo Russell scored 14 points, not 41.",llama_medium,p2_sent,10936.31
S009,7,1,Luol,145.0,145.0,NAME,Luol Deng,Player name misspelled,llama_medium,p2_sent,10936.31
S009,7,2,second,67.0,67.0,WORD,first,Player ranking incorrect,llama_medium,p2_sent,10936.31
S009,7,3,26,156.0,156.0,NUMBER,0,Points scored incorrect,llama_medium,p2_sent,10936.31
S009,7,4,three,132.0,132.0,NUMBER,3,Rebounds incorrect,llama_medium,p2_sent,10936.31
S009,7,5,two,26.0,26.0,NUMBER,0,Assists incorrect,llama_medium,p2_sent,10936.31
S009,9,1,Sunday,203.0,203.0,NOT_CHECKABLE,,No information about the next game in the JSON.,llama_medium,p2_sent,10936.31
S009,14,1,Friday,300.0,300.0,NOT_CHECKABLE,,Date of the game is not specified in the box score data.,llama_medium,p2_sent,10936.31
S011,1,1,Tuesday,22.0,22.0,WORD,Wednesday,"The game was played on Wednesday, not Tuesday.",llama_medium,p2_sent,10936.31
S011,2,1,29 - 18,46.0,48.0,NUMBER,30,"The Hawks scored 30 points in the first quarter, not 29.",llama_medium,p2_sent,10936.31
S011,6,1,John Wall,154.0,155.0,NAME,Jeff Teague,The story says John Wall but the JSON says Jeff Teague was the Hawks' top scorer.,llama_medium,p2_sent,10936.31
S012,1,1,Friday,19.0,19.0,NAME,Saturday,Incorrect day of the week,llama_medium,p2_sent,10936.31
S012,10,1,Suns,7.0,7.0,NAME,Nuggets,The team name is incorrect.,llama_medium,p2_sent,10936.31
S015,13,1,Timberwolves,380.0,380.0,NAME,Trail Blazers,"The team name is Trail Blazers, not Timberwolves.",llama_medium,p2_sent,10936.31
S016,1,1,Friday,25.0,25.0,WORD,Thursday,"The game was played on Thursday, not Friday.",llama_medium,p2_sent,10936.31
S016,2,1,29 - 8,57.0,59.0,NUMBER,29-8,The Thunder outscored the Jazz 29-8 in the third quarter.,llama_medium,p2_sent,10936.31
S016,12,1,two,192.0,192.0,NUMBER,six,The Thunder have now lost six in a row.,llama_medium,p2_sent,10936.31
S016,13,1,Saturday,448.0,448.0,NOT_CHECKABLE,,No information about the next game in the box score data.,llama_medium,p2_sent,10936.31
S016,14,1,Tuesday,464.0,464.0,NOT_CHECKABLE,,No information about the next game date in the box score data.,llama_medium,p2_sent,10936.31
S021,1,1,Saturday,18.0,18.0,WORD,Friday,Incorrect day of the week,llama_medium,p2_sent,10936.31
S022,12,1,Friday,18.0,18.0,NOT_CHECKABLE,,The JSON does not contain information about the next game.,llama_medium,p2_sent,10936.31
S023,1,1,Wednesday,19.0,19.0,CONTEXT,Sunday,"The game was played on Sunday, not Wednesday.",llama_medium,p2_sent,10936.31
S025,2,1,Thursday,30.0,30.0,NOT_CHECKABLE,,No information about the day of the week in the JSON.,llama_medium,p2_sent,10936.31
S026,1,1,Wednesday,22.0,22.0,CONTEXT,Tuesday,"The game was played on Tuesday, not Wednesday.",llama_medium,p2_sent,10936.31
S026,2,1,26 - 27,48.0,50.0,NUMBER,28,"The Suns scored 28 points in the first quarter, not 26-27.",llama_medium,p2_sent,10936.31
S026,3,1,50,68.0,68.0,NUMBER,48,"Suns shooting percentage from the field is 48, not 50",llama_medium,p2_sent,10936.31
S026,4,1,Eric Dragic,,,NAME,Eric Bledsoe,"Player name is Eric Bledsoe, not Eric Dragic.",llama_medium,p2_sent,10936.31
S026,4,2,Goran Dragic,,,NAME,Goran Dragic,Player name is correct.,llama_medium,p2_sent,10936.31
S026,5,1,11 - for - 15,122.0,126.0,NUMBER,11-for-15,The JSON does not contain the number of field goal attempts.,llama_medium,p2_sent,10936.31
S026,5,2,5 - for - 6,131.0,135.0,NUMBER,5-for-6,The JSON does not contain the number of three-point attempts.,llama_medium,p2_sent,10936.31
S026,5,3,five,155.0,155.0,NUMBER,3,The JSON does not contain the number of steals.,llama_medium,p2_sent,10936.31
S026,9,1,6 - 14 FG,,,NUMBER,6 - 14 FG,The JSON does not contain the field goal information for Roy Hibbert.,llama_medium,p2_sent,10936.31
S026,9,2,0 - 0 3Pt,,,NUMBER,0 - 0 3Pt,The JSON does not contain the field goal information for Roy Hibbert.,llama_medium,p2_sent,10936.31
S026,9,3,3 - 3 FT,,,NUMBER,3 - 3 FT,The JSON does not contain the field goal information for Roy Hibbert.,llama_medium,p2_sent,10936.31
S026,10,1,second,175.0,175.0,NUMBER,fifth,"The story says second double-double, but the JSON says fifth double-double.",llama_medium,p2_sent,10936.31
S026,11,1,17,335.0,335.0,NUMBER,6,"CJ Miles scored 6 points from the field, not 17.",llama_medium,p2_sent,10936.31
S026,12,1,second,175.0,175.0,NUMBER,fifth,The story says'second double-double' but the JSON says 'fifth double-double'.,llama_medium,p2_sent,10936.31
S026,13,1,6 - 14 FG,,,NUMBER,"6 - 14 FG is correct, but the rest of the sentence is wrong",The rest of the sentence is wrong,llama_medium,p2_sent,10936.31
S026,13,2,0 - 0 3Pt,,,NUMBER,1 - 0 3Pt,"FG3A is 1, not 0",llama_medium,p2_sent,10936.31
S026,13,3,3 - 3 FT,,,NUMBER,"3 - 3 FT is correct, but the rest of the sentence is wrong",The rest of the sentence is wrong,llama_medium,p2_sent,10936.31
S026,13,4,10 rebounds,,,NUMBER,10,"Correct, but the rest of the sentence is wrong",llama_medium,p2_sent,10936.31
S026,13,5,two steals,,,NUMBER,2,"Correct, but the rest of the sentence is wrong",llama_medium,p2_sent,10936.31
S026,14,1,10,295.0,295.0,NUMBER,14,He is averaging 14 points and 6 rebounds on the year.,llama_medium,p2_sent,10936.31
S026,18,1,6 - for - 9 1 - for - 3,,,NUMBER,6-for-9 from the field and 1-for-3 from the three-point line,"The story says 6-for-9 from the field and 1-for-3 from the three-point line, but the JSON says 6-for-9 from the field and 1-for-3 from beyond the arc.",llama_medium,p2_sent,10936.31
S026,19,1,Toronto Raptors,547.0,548.0,NAME,Dallas Mavericks,"The Suns' next opponent is the Dallas Mavericks, not the Toronto Raptors.",llama_medium,p2_sent,10936.31
S026,19,2,Brooklyn Nets,561.0,562.0,NAME,Portland Trail Blazers,"The Pacers' next opponent is the Portland Trail Blazers, not the Brooklyn Nets.",llama_medium,p2_sent,10936.31
S027,1,1,New York Knicks ( 8 - 10 ),,,CONTEXT,Houston Rockets ( 7 - 10 ),"The story incorrectly states the Knicks won, when in fact the Rockets won.",llama_medium,p2_sent,10936.31
S027,2,1,quick,38.0,38.0,WORD,None,The JSON does not mention the Knicks getting off to a quick start.,llama_medium,p2_sent,10936.31
S029,13,1,Wednesday,17.0,17.0,NOT_CHECKABLE,,No information about the day of the week is available in the JSON.,llama_medium,p2_sent,10936.31
